{
  "college_biology": null,
  "college_chemistry": null,
  "college_computer_science": null,
  "college_mathematics": 0.19,
  "college_physics": 0.23529411764705882,
  "electrical_engineering": 0.2689655172413793,
  "astronomy": null,
  "anatomy": 0.3333333333333333,
  "abstract_algebra": 0.22,
  "machine_learning": 0.3125,
  "clinical_knowledge": 0.21132075471698114,
  "global_facts": 0.18,
  "management": null,
  "nutrition": 0.22549019607843138,
  "marketing": 0.2863247863247863,
  "professional_accounting": 0.2553191489361702,
  "high_school_geography": null,
  "international_law": null,
  "moral_scenarios": null,
  "computer_security": 0.29,
  "high_school_microeconomics": 0.21008403361344538,
  "professional_law": null,
  "medical_genetics": 0.29,
  "professional_psychology": null,
  "jurisprudence": null,
  "world_religions": null,
  "philosophy": 0.17684887459807075,
  "virology": null,
  "high_school_chemistry": 0.1625615763546798,
  "public_relations": 0.2909090909090909,
  "high_school_macroeconomics": 0.31025641025641026,
  "human_sexuality": 0.2595419847328244,
  "elementary_mathematics": 0.22486772486772486,
  "high_school_physics": 0.2781456953642384,
  "high_school_computer_science": 0.33,
  "high_school_european_history": 0.21818181818181817,
  "business_ethics": null,
  "moral_disputes": 0.24566473988439305,
  "high_school_statistics": 0.46296296296296297,
  "miscellaneous": 0.2822477650063857,
  "formal_logic": 0.1349206349206349,
  "high_school_government_and_politics": 0.18652849740932642,
  "prehistory": null,
  "security_studies": null,
  "high_school_biology": null,
  "logical_fallacies": 0.2331288343558282,
  "high_school_world_history": null,
  "professional_medicine": 0.35661764705882354,
  "high_school_mathematics": null,
  "college_medicine": 0.20809248554913296,
  "high_school_us_history": null,
  "sociology": 0.25870646766169153,
  "econometrics": null,
  "high_school_psychology": 0.22752293577981653,
  "human_aging": null,
  "us_foreign_policy": 0.27,
  "conceptual_physics": 0.25957446808510637,
  "mmlu_average": 0.2538832143380156
}