{
  "college_biology": 0.2361111111111111,
  "college_chemistry": 0.16,
  "college_computer_science": 0.14,
  "college_mathematics": 0.13,
  "college_physics": 0.11764705882352941,
  "electrical_engineering": 0.31724137931034485,
  "astronomy": 0.21710526315789475,
  "anatomy": 0.3333333333333333,
  "abstract_algebra": 0.23,
  "machine_learning": 0.3125,
  "clinical_knowledge": 0.2943396226415094,
  "global_facts": 0.04,
  "management": 0.36893203883495146,
  "nutrition": 0.4117647058823529,
  "marketing": 0.4444444444444444,
  "professional_accounting": 0.13829787234042554,
  "high_school_geography": 0.35858585858585856,
  "international_law": 0.3884297520661157,
  "moral_scenarios": 0.11508379888268157,
  "computer_security": 0.27,
  "high_school_microeconomics": 0.19747899159663865,
  "professional_law": 0.14863102998696218,
  "medical_genetics": 0.22,
  "professional_psychology": 0.2222222222222222,
  "jurisprudence": 0.24074074074074073,
  "world_religions": 0.32748538011695905,
  "philosophy": 0.21221864951768488,
  "virology": 0.3253012048192771,
  "high_school_chemistry": 0.12807881773399016,
  "public_relations": 0.14545454545454545,
  "high_school_macroeconomics": 0.2,
  "human_sexuality": 0.1450381679389313,
  "elementary_mathematics": 0.2037037037037037,
  "high_school_physics": 0.1390728476821192,
  "high_school_computer_science": 0.33,
  "high_school_european_history": 0.37575757575757573,
  "business_ethics": 0.13,
  "moral_disputes": 0.25722543352601157,
  "high_school_statistics": 0.21296296296296297,
  "miscellaneous": 0.18901660280970625,
  "formal_logic": 0.23015873015873015,
  "high_school_government_and_politics": 0.32642487046632124,
  "prehistory": 0.3333333333333333,
  "security_studies": 0.2530612244897959,
  "high_school_biology": 0.24516129032258063,
  "logical_fallacies": 0.2392638036809816,
  "high_school_world_history": 0.35443037974683544,
  "professional_medicine": 0.22058823529411764,
  "high_school_mathematics": 0.1,
  "college_medicine": 0.2138728323699422,
  "high_school_us_history": 0.3480392156862745,
  "sociology": 0.30845771144278605,
  "econometrics": 0.16666666666666666,
  "high_school_psychology": 0.26238532110091745,
  "human_aging": 0.21524663677130046,
  "us_foreign_policy": 0.26,
  "conceptual_physics": 0.1276595744680851,
  "mmlu_average": 0.2382272796839167
}