{
  "college_biology": 0.027777777777777776,
  "college_chemistry": 0.08,
  "college_computer_science": 0.01,
  "college_mathematics": 0.09,
  "college_physics": 0.00980392156862745,
  "electrical_engineering": 0.14482758620689656,
  "astronomy": 0.046052631578947366,
  "anatomy": 0.3111111111111111,
  "abstract_algebra": 0.0,
  "machine_learning": 0.09821428571428571,
  "clinical_knowledge": 0.07547169811320754,
  "global_facts": 0.23,
  "management": 0.04854368932038835,
  "nutrition": 0.14052287581699346,
  "marketing": 0.004273504273504274,
  "professional_accounting": 0.01773049645390071,
  "high_school_geography": 0.025252525252525252,
  "international_law": 0.0,
  "moral_scenarios": 0.23798882681564246,
  "computer_security": 0.28,
  "high_school_microeconomics": 0.10504201680672269,
  "professional_law": 0.07431551499348109,
  "medical_genetics": 0.12,
  "professional_psychology": 0.10620915032679738,
  "jurisprudence": 0.08333333333333333,
  "world_religions": 0.2222222222222222,
  "philosophy": 0.19292604501607716,
  "virology": 0.23493975903614459,
  "high_school_chemistry": 0.2561576354679803,
  "public_relations": 0.19090909090909092,
  "high_school_macroeconomics": 0.22564102564102564,
  "human_sexuality": 0.13740458015267176,
  "elementary_mathematics": 0.03968253968253968,
  "high_school_physics": 0.006622516556291391,
  "high_school_computer_science": 0.21,
  "high_school_european_history": 0.05454545454545454,
  "business_ethics": 0.0,
  "moral_disputes": 0.22254335260115607,
  "high_school_statistics": 0.17592592592592593,
  "miscellaneous": 0.2669220945083014,
  "formal_logic": 0.18253968253968253,
  "high_school_government_and_politics": 0.21761658031088082,
  "prehistory": 0.12345679012345678,
  "security_studies": 0.24081632653061225,
  "high_school_biology": 0.01935483870967742,
  "logical_fallacies": 0.3067484662576687,
  "high_school_world_history": 0.029535864978902954,
  "professional_medicine": 0.003676470588235294,
  "high_school_mathematics": 0.0,
  "college_medicine": 0.057803468208092484,
  "high_school_us_history": 0.15196078431372548,
  "sociology": 0.004975124378109453,
  "econometrics": 0.20175438596491227,
  "high_school_psychology": 0.022018348623853212,
  "human_aging": 0.25112107623318386,
  "us_foreign_policy": 0.09,
  "conceptual_physics": 0.0425531914893617,
  "mmlu_average": 0.1184007822277084
}