{
  "college_biology": 0.2222222222222222,
  "college_chemistry": 0.13,
  "college_computer_science": 0.11,
  "college_mathematics": 0.06,
  "college_physics": 0.09803921568627451,
  "electrical_engineering": 0.1103448275862069,
  "astronomy": 0.1513157894736842,
  "anatomy": 0.18518518518518517,
  "abstract_algebra": 0.15,
  "machine_learning": 0.08035714285714286,
  "clinical_knowledge": 0.1811320754716981,
  "global_facts": 0.04,
  "management": 0.17475728155339806,
  "nutrition": 0.22875816993464052,
  "marketing": 0.21794871794871795,
  "professional_accounting": null,
  "high_school_geography": 0.15656565656565657,
  "international_law": 0.2809917355371901,
  "moral_scenarios": 0.19776536312849163,
  "computer_security": 0.18,
  "high_school_microeconomics": 0.11764705882352941,
  "professional_law": 0.2183833116036506,
  "medical_genetics": 0.28,
  "professional_psychology": null,
  "jurisprudence": 0.2222222222222222,
  "world_religions": 0.3333333333333333,
  "philosophy": 0.15112540192926044,
  "virology": 0.1746987951807229,
  "high_school_chemistry": 0.08374384236453201,
  "public_relations": 0.12727272727272726,
  "high_school_macroeconomics": 0.1641025641025641,
  "human_sexuality": 0.183206106870229,
  "elementary_mathematics": 0.03968253968253968,
  "high_school_physics": 0.10596026490066225,
  "high_school_computer_science": 0.1,
  "high_school_european_history": 0.20606060606060606,
  "business_ethics": 0.25,
  "moral_disputes": 0.18786127167630057,
  "high_school_statistics": 0.08333333333333333,
  "miscellaneous": 0.21711366538952745,
  "formal_logic": 0.2222222222222222,
  "high_school_government_and_politics": 0.19170984455958548,
  "prehistory": 0.18209876543209877,
  "security_studies": 0.1510204081632653,
  "high_school_biology": 0.15161290322580645,
  "logical_fallacies": 0.1901840490797546,
  "high_school_world_history": 0.25738396624472576,
  "professional_medicine": 0.1948529411764706,
  "high_school_mathematics": 0.011111111111111112,
  "college_medicine": 0.15606936416184972,
  "high_school_us_history": 0.20098039215686275,
  "sociology": 0.24875621890547264,
  "econometrics": 0.14912280701754385,
  "high_school_psychology": 0.1669724770642202,
  "human_aging": 0.21524663677130046,
  "us_foreign_policy": 0.27,
  "conceptual_physics": 0.14468085106382977,
  "mmlu_average": 0.16918464338640674
}